{"kind": "Listing", "data": {"modhash": "6qgrr1bqqhb3a518c5ab57e3363b402fa236f2fed1b9a00c12", "children": [{"kind": "t3", "data": {"contest_mode": false, "banned_by": null, "domain": "self.Showerthoughts", "subreddit": "Showerthoughts", "selftext_html": "&lt;!-- SC_OFF --&gt;&lt;div class=\"md\"&gt;&lt;p&gt;It&amp;#39;s too early for drugs.&lt;/p&gt;\n&lt;/div&gt;&lt;!-- SC_ON --&gt;", "selftext": "It's too early for drugs.", "likes": null, "suggested_sort": null, "user_reports": [], "secure_media": null, "saved": false, "id": "5bh17g", "gilded": 0, "secure_media_embed": {}, "clicked": false, "report_reasons": null, "author": "lemmiwinks81", "media": null, "name": "t3_5bh17g", "score": 6042, "approved_by": null, "over_18": false, "removal_reason": null, "hidden": false, "thumbnail": "self", "subreddit_id": "t5_2szyo", "edited": false, "link_flair_css_class": null, "author_flair_css_class": null, "downs": 0, "mod_reports": [], "archived": false, "media_embed": {}, "is_self": true, "hide_score": false, "spoiler": false, "permalink": "/r/Showerthoughts/comments/5bh17g/you_eat_2_pieces_of_toast_with_butter_on_it_and/", "locked": false, "stickied": false, "created": 1478484025.0, "url": "https://www.reddit.com/r/Showerthoughts/comments/5bh17g/you_eat_2_pieces_of_toast_with_butter_on_it_and/", "author_flair_text": null, "quarantine": false, "title": "You eat 2 pieces of toast with butter on it and it's okay. You put those pieces together and tell people you had a butter sandwich, you get a different response.", "created_utc": 1478455225.0, "link_flair_text": null, "distinguished": null, "num_comments": 546, "visited": false, "num_reports": null, "ups": 6042}}, {"kind": "t3", "data": {"contest_mode": false, "banned_by": null, "domain": "self.Showerthoughts", "subreddit": "Showerthoughts", "selftext_html": null, "selftext": "", "likes": null, "suggested_sort": null, "user_reports": [], "secure_media": null, "saved": false, "id": "5bjq7y", "gilded": 0, "secure_media_embed": {}, "clicked": false, "report_reasons": null, "author": "qsauce7", "media": null, "name": "t3_5bjq7y", "score": 692, "approved_by": null, "over_18": false, "removal_reason": null, "hidden": false, "thumbnail": "self", "subreddit_id": "t5_2szyo", "edited": false, "link_flair_css_class": null, "author_flair_css_class": null, "downs": 0, "mod_reports": [], "archived": false, "media_embed": {}, "is_self": true, "hide_score": false, "spoiler": false, "permalink": "/r/Showerthoughts/comments/5bjq7y/why_are_shrimp_in_red_lobster_commercials_always/", "locked": false, "stickied": false, "created": 1478514470.0, "url": "https://www.reddit.com/r/Showerthoughts/comments/5bjq7y/why_are_shrimp_in_red_lobster_commercials_always/", "author_flair_text": null, "quarantine": false, "title": "Why are shrimp in Red Lobster commercials always slamming into each other?", "created_utc": 1478485670.0, "link_flair_text": null, "distinguished": null, "num_comments": 40, "visited": false, "num_reports": null, "ups": 692}}, {"kind": "t3", "data": {"contest_mode": false, "banned_by": null, "domain": "self.Showerthoughts", "subreddit": "Showerthoughts", "selftext_html": null, "selftext": "", "likes": null, "suggested_sort": null, "user_reports": [], "secure_media": null, "saved": false, "id": "5bfmkh", "gilded": 0, "secure_media_embed": {}, "clicked": false, "report_reasons": null, "author": "iconat20", "media": null, "name": "t3_5bfmkh", "score": 6140, "approved_by": null, "over_18": false, "removal_reason": null, "hidden": false, "thumbnail": "self", "subreddit_id": "t5_2szyo", "edited": false, "link_flair_css_class": "3", "author_flair_css_class": null, "downs": 0, "mod_reports": [], "archived": false, "media_embed": {}, "is_self": true, "hide_score": false, "spoiler": false, "permalink": "/r/Showerthoughts/comments/5bfmkh/spiderman_being_disliked_by_his_city_even_though/", "locked": false, "stickied": false, "created": 1478466451.0, "url": "https://www.reddit.com/r/Showerthoughts/comments/5bfmkh/spiderman_being_disliked_by_his_city_even_though/", "author_flair_text": null, "quarantine": false, "title": "Spiderman being disliked by his city even though he does good things is like a metaphor for spiders eating flies but still being hated by humans. Bonus: J. Jonah Jameson is always trashing Spiderman in his paper is like a metaphor for hitting a spider with a rolled up newspaper.", "created_utc": 1478437651.0, "link_flair_text": "\ud83d\uddde\ud83d\udd77\ud83d\udd78", "distinguished": null, "num_comments": 1038, "visited": false, "num_reports": null, "ups": 6140}}, {"kind": "t3", "data": {"contest_mode": false, "banned_by": null, "domain": "self.Showerthoughts", "subreddit": "Showerthoughts", "selftext_html": null, "selftext": "", "likes": null, "suggested_sort": null, "user_reports": [], "secure_media": null, "saved": false, "id": "5bg0n3", "gilded": 0, "secure_media_embed": {}, "clicked": false, "report_reasons": null, "author": "AmisAphra", "media": null, "name": "t3_5bg0n3", "score": 3070, "approved_by": null, "over_18": false, "removal_reason": null, "hidden": false, "thumbnail": "self", "subreddit_id": "t5_2szyo", "edited": false, "link_flair_css_class": null, "author_flair_css_class": null, "downs": 0, "mod_reports": [], "archived": false, "media_embed": {}, "is_self": true, "hide_score": false, "spoiler": false, "permalink": "/r/Showerthoughts/comments/5bg0n3/isnt_it_weird_in_movies_sometimes_when_theres_a/", "locked": false, "stickied": false, "created": 1478472061.0, "url": "https://www.reddit.com/r/Showerthoughts/comments/5bg0n3/isnt_it_weird_in_movies_sometimes_when_theres_a/", "author_flair_text": null, "quarantine": false, "title": "Isn't it weird in movies sometimes when there's a fight on top of a truck yet all the cars behind them will be driving like normal like \"this is real messed up but I'm not going to be late for work\".", "created_utc": 1478443261.0, "link_flair_text": null, "distinguished": null, "num_comments": 107, "visited": false, "num_reports": null, "ups": 3070}}, {"kind": "t3", "data": {"contest_mode": false, "banned_by": null, "domain": "self.Showerthoughts", "subreddit": "Showerthoughts", "selftext_html": "&lt;!-- SC_OFF --&gt;&lt;div class=\"md\"&gt;&lt;p&gt;Edit: to those of you asking, &lt;a href=\"https://imgur.com/2NaXYsN\"&gt;I don&amp;#39;t buy pants without working pockets&lt;/a&gt;, but my options are limited as a 5&amp;#39;0&amp;quot; woman. Also, I do all of my own hemming.&lt;/p&gt;\n&lt;/div&gt;&lt;!-- SC_ON --&gt;", "selftext": "Edit: to those of you asking, [I don't buy pants without working pockets](https://imgur.com/2NaXYsN), but my options are limited as a 5'0\" woman. Also, I do all of my own hemming.", "likes": null, "suggested_sort": null, "user_reports": [], "secure_media": null, "saved": false, "id": "5bfdt4", "gilded": 0, "secure_media_embed": {}, "clicked": false, "report_reasons": null, "author": "FuckingaFuck", "media": null, "name": "t3_5bfdt4", "score": 4874, "approved_by": null, "over_18": false, "removal_reason": null, "hidden": false, "preview": {"images": [{"source": {"url": "https://i.redditmedia.com/bKmXa8oYDZK0iBq4ZdfrnTdkC48jcM-mizv4gaUNnow.jpg?s=33b6024a3ce2bca42af36da42f7b7fdb", "width": 3120, "height": 4160}, "resolutions": [{"url": "https://i.redditmedia.com/bKmXa8oYDZK0iBq4ZdfrnTdkC48jcM-mizv4gaUNnow.jpg?fit=crop&amp;crop=faces%2Centropy&amp;arh=2&amp;w=108&amp;s=cec3c2f0d475b15bc8f2784a7cec7903", "width": 108, "height": 144}, {"url": "https://i.redditmedia.com/bKmXa8oYDZK0iBq4ZdfrnTdkC48jcM-mizv4gaUNnow.jpg?fit=crop&amp;crop=faces%2Centropy&amp;arh=2&amp;w=216&amp;s=0c6a05b5e288cb919d9b8defb0158243", "width": 216, "height": 288}, {"url": "https://i.redditmedia.com/bKmXa8oYDZK0iBq4ZdfrnTdkC48jcM-mizv4gaUNnow.jpg?fit=crop&amp;crop=faces%2Centropy&amp;arh=2&amp;w=320&amp;s=7ef1d9ffd397814ec5577c7abfd70181", "width": 320, "height": 426}, {"url": "https://i.redditmedia.com/bKmXa8oYDZK0iBq4ZdfrnTdkC48jcM-mizv4gaUNnow.jpg?fit=crop&amp;crop=faces%2Centropy&amp;arh=2&amp;w=640&amp;s=6a7edf93456ca973737fd5166a3abf9c", "width": 640, "height": 853}, {"url": "https://i.redditmedia.com/bKmXa8oYDZK0iBq4ZdfrnTdkC48jcM-mizv4gaUNnow.jpg?fit=crop&amp;crop=faces%2Centropy&amp;arh=2&amp;w=960&amp;s=d8ab259ced8d3b5e2d168432b665441a", "width": 960, "height": 1280}, {"url": "https://i.redditmedia.com/bKmXa8oYDZK0iBq4ZdfrnTdkC48jcM-mizv4gaUNnow.jpg?fit=crop&amp;crop=faces%2Centropy&amp;arh=2&amp;w=1080&amp;s=9fd0cde4cee28f630dba6c490d314b13", "width": 1080, "height": 1440}], "variants": {}, "id": "EcgzOIgUPJae0hLxFaggzM7j2Gov_lPylbuqGN5mV34"}]}, "thumbnail": "self", "subreddit_id": "t5_2szyo", "edited": 1478453857.0, "link_flair_css_class": null, "author_flair_css_class": null, "downs": 0, "mod_reports": [], "archived": false, "media_embed": {}, "post_hint": "self", "is_self": true, "hide_score": false, "spoiler": false, "permalink": "/r/Showerthoughts/comments/5bfdt4/as_a_woman_i_have_never_thought_thank_god_these/", "locked": false, "stickied": false, "created": 1478461820.0, "url": "https://www.reddit.com/r/Showerthoughts/comments/5bfdt4/as_a_woman_i_have_never_thought_thank_god_these/", "author_flair_text": null, "quarantine": false, "title": "As a woman, I have never thought \"Thank god these pants don't have pockets\"", "created_utc": 1478433020.0, "link_flair_text": null, "distinguished": null, "num_comments": 524, "visited": false, "num_reports": null, "ups": 4874}}, {"kind": "t3", "data": {"contest_mode": false, "banned_by": null, "domain": "self.Showerthoughts", "subreddit": "Showerthoughts", "selftext_html": "&lt;!-- SC_OFF --&gt;&lt;div class=\"md\"&gt;&lt;p&gt;Just to let you all know, I wasn&amp;#39;t talking about Facebook in particular as my ex was blocked around 7 years ago there. For some reason though, Instagram has decided that I should follow my ex of nearly a decade ago even though we have no friends in common and were not even on Instagram when we dated. And I occasionally see her pop up on twitters suggestions as well.&lt;/p&gt;\n&lt;/div&gt;&lt;!-- SC_ON --&gt;", "selftext": "Just to let you all know, I wasn't talking about Facebook in particular as my ex was blocked around 7 years ago there. For some reason though, Instagram has decided that I should follow my ex of nearly a decade ago even though we have no friends in common and were not even on Instagram when we dated. And I occasionally see her pop up on twitters suggestions as well.", "likes": null, "suggested_sort": null, "user_reports": [], "secure_media": null, "saved": false, "id": "5bfsly", "gilded": 0, "secure_media_embed": {}, "clicked": false, "report_reasons": null, "author": "cthomp415", "media": null, "name": "t3_5bfsly", "score": 2037, "approved_by": null, "over_18": false, "removal_reason": null, "hidden": false, "thumbnail": "self", "subreddit_id": "t5_2szyo", "edited": 1478487980.0, "link_flair_css_class": null, "author_flair_css_class": null, "downs": 0, "mod_reports": [], "archived": false, "media_embed": {}, "is_self": true, "hide_score": false, "spoiler": false, "permalink": "/r/Showerthoughts/comments/5bfsly/social_media_sites_need_to_have_a_this_is_my_ex/", "locked": false, "stickied": false, "created": 1478468982.0, "url": "https://www.reddit.com/r/Showerthoughts/comments/5bfsly/social_media_sites_need_to_have_a_this_is_my_ex/", "author_flair_text": null, "quarantine": false, "title": "Social media sites need to have a \"this is my ex\" option so that it can stop trying to connect you to people you've broken up with.", "created_utc": 1478440182.0, "link_flair_text": null, "distinguished": null, "num_comments": 61, "visited": false, "num_reports": null, "ups": 2037}}, {"kind": "t3", "data": {"contest_mode": false, "banned_by": null, "domain": "self.Showerthoughts", "subreddit": "Showerthoughts", "selftext_html": null, "selftext": "", "likes": null, "suggested_sort": null, "user_reports": [], "secure_media": null, "saved": false, "id": "5biq1n", "gilded": 0, "secure_media_embed": {}, "clicked": false, "report_reasons": null, "author": "ntstorm", "media": null, "name": "t3_5biq1n", "score": 276, "approved_by": null, "over_18": false, "removal_reason": null, "hidden": false, "thumbnail": "self", "subreddit_id": "t5_2szyo", "edited": false, "link_flair_css_class": null, "author_flair_css_class": null, "downs": 0, "mod_reports": [], "archived": false, "media_embed": {}, "is_self": true, "hide_score": false, "spoiler": false, "permalink": "/r/Showerthoughts/comments/5biq1n/with_a_dog_you_have_a_glimpse_into_parenting_with/", "locked": false, "stickied": false, "created": 1478502452.0, "url": "https://www.reddit.com/r/Showerthoughts/comments/5biq1n/with_a_dog_you_have_a_glimpse_into_parenting_with/", "author_flair_text": null, "quarantine": false, "title": "With a dog, you have a glimpse into parenting. With a cat, you have a glimpse into marriage.", "created_utc": 1478473652.0, "link_flair_text": null, "distinguished": null, "num_comments": 29, "visited": false, "num_reports": null, "ups": 276}}, {"kind": "t3", "data": {"contest_mode": false, "banned_by": null, "domain": "self.Showerthoughts", "subreddit": "Showerthoughts", "selftext_html": null, "selftext": "", "likes": null, "suggested_sort": null, "user_reports": [], "secure_media": null, "saved": false, "id": "5bfp3w", "gilded": 0, "secure_media_embed": {}, "clicked": false, "report_reasons": null, "author": "Strawberry_Robot", "media": null, "name": "t3_5bfp3w", "score": 1637, "approved_by": null, "over_18": false, "removal_reason": null, "hidden": false, "thumbnail": "self", "subreddit_id": "t5_2szyo", "edited": false, "link_flair_css_class": null, "author_flair_css_class": null, "downs": 0, "mod_reports": [], "archived": false, "media_embed": {}, "is_self": true, "hide_score": false, "spoiler": false, "permalink": "/r/Showerthoughts/comments/5bfp3w/in_reality_nudity_is_considered_less_taboo_than/", "locked": false, "stickied": false, "created": 1478467544.0, "url": "https://www.reddit.com/r/Showerthoughts/comments/5bfp3w/in_reality_nudity_is_considered_less_taboo_than/", "author_flair_text": null, "quarantine": false, "title": "In reality nudity is considered less taboo than murder but in video games murder is less taboo than nudity", "created_utc": 1478438744.0, "link_flair_text": null, "distinguished": null, "num_comments": 54, "visited": false, "num_reports": null, "ups": 1637}}, {"kind": "t3", "data": {"contest_mode": false, "banned_by": null, "domain": "self.Showerthoughts", "subreddit": "Showerthoughts", "selftext_html": null, "selftext": "", "likes": null, "suggested_sort": null, "user_reports": [], "secure_media": null, "saved": false, "id": "5bjixg", "gilded": 0, "secure_media_embed": {}, "clicked": false, "report_reasons": null, "author": "r2d2go", "media": null, "name": "t3_5bjixg", "score": 159, "approved_by": null, "over_18": false, "removal_reason": null, "hidden": false, "thumbnail": "self", "subreddit_id": "t5_2szyo", "edited": false, "link_flair_css_class": null, "author_flair_css_class": null, "downs": 0, "mod_reports": [], "archived": false, "media_embed": {}, "is_self": true, "hide_score": false, "spoiler": false, "permalink": "/r/Showerthoughts/comments/5bjixg/when_i_step_on_a_spider_killing_it_i_dont_even/", "locked": false, "stickied": false, "created": 1478511966.0, "url": "https://www.reddit.com/r/Showerthoughts/comments/5bjixg/when_i_step_on_a_spider_killing_it_i_dont_even/", "author_flair_text": null, "quarantine": false, "title": "When I step on a spider, killing it, I don't even notice. When a spider steps on me, doing absolutely nothing, I freak out.", "created_utc": 1478483166.0, "link_flair_text": null, "distinguished": null, "num_comments": 9, "visited": false, "num_reports": null, "ups": 159}}, {"kind": "t3", "data": {"contest_mode": false, "banned_by": null, "domain": "self.Showerthoughts", "subreddit": "Showerthoughts", "selftext_html": null, "selftext": "", "likes": null, "suggested_sort": null, "user_reports": [], "secure_media": null, "saved": false, "id": "5bhmst", "gilded": 0, "secure_media_embed": {}, "clicked": false, "report_reasons": null, "author": "5318008135", "media": null, "name": "t3_5bhmst", "score": 444, "approved_by": null, "over_18": false, "removal_reason": null, "hidden": false, "thumbnail": "self", "subreddit_id": "t5_2szyo", "edited": false, "link_flair_css_class": null, "author_flair_css_class": null, "downs": 0, "mod_reports": [], "archived": false, "media_embed": {}, "is_self": true, "hide_score": false, "spoiler": false, "permalink": "/r/Showerthoughts/comments/5bhmst/world_wide_web_is_three_times_faster_to_say_than/", "locked": false, "stickied": false, "created": 1478490627.0, "url": "https://www.reddit.com/r/Showerthoughts/comments/5bhmst/world_wide_web_is_three_times_faster_to_say_than/", "author_flair_text": null, "quarantine": false, "title": "\"world wide web\" is three times faster to say than the shortened version \"www\".", "created_utc": 1478461827.0, "link_flair_text": null, "distinguished": null, "num_comments": 60, "visited": false, "num_reports": null, "ups": 444}}, {"kind": "t3", "data": {"contest_mode": false, "banned_by": null, "domain": "self.Showerthoughts", "subreddit": "Showerthoughts", "selftext_html": null, "selftext": "", "likes": null, "suggested_sort": null, "user_reports": [], "secure_media": null, "saved": false, "id": "5bjrwe", "gilded": 0, "secure_media_embed": {}, "clicked": false, "report_reasons": null, "author": "bflowyngz", "media": null, "name": "t3_5bjrwe", "score": 123, "approved_by": null, "over_18": false, "removal_reason": null, "hidden": false, "thumbnail": "self", "subreddit_id": "t5_2szyo", "edited": false, "link_flair_css_class": null, "author_flair_css_class": null, "downs": 0, "mod_reports": [], "archived": false, "media_embed": {}, "is_self": true, "hide_score": false, "spoiler": false, "permalink": "/r/Showerthoughts/comments/5bjrwe/volleyball_is_just_really_an_organized_team_game/", "locked": false, "stickied": false, "created": 1478515070.0, "url": "https://www.reddit.com/r/Showerthoughts/comments/5bjrwe/volleyball_is_just_really_an_organized_team_game/", "author_flair_text": null, "quarantine": false, "title": "Volleyball is just really an organized team game of hot potato.", "created_utc": 1478486270.0, "link_flair_text": null, "distinguished": null, "num_comments": 5, "visited": false, "num_reports": null, "ups": 123}}, {"kind": "t3", "data": {"contest_mode": false, "banned_by": null, "domain": "self.Showerthoughts", "subreddit": "Showerthoughts", "selftext_html": null, "selftext": "", "likes": null, "suggested_sort": null, "user_reports": [], "secure_media": null, "saved": false, "id": "5bgldm", "gilded": 0, "secure_media_embed": {}, "clicked": false, "report_reasons": null, "author": "ashaw832", "media": null, "name": "t3_5bgldm", "score": 659, "approved_by": null, "over_18": false, "removal_reason": null, "hidden": false, "thumbnail": "self", "subreddit_id": "t5_2szyo", "edited": false, "link_flair_css_class": null, "author_flair_css_class": null, "downs": 0, "mod_reports": [], "archived": false, "media_embed": {}, "is_self": true, "hide_score": false, "spoiler": false, "permalink": "/r/Showerthoughts/comments/5bgldm/i_wonder_if_i_have_ever_pressed_the_number_8_on_a/", "locked": false, "stickied": false, "created": 1478479094.0, "url": "https://www.reddit.com/r/Showerthoughts/comments/5bgldm/i_wonder_if_i_have_ever_pressed_the_number_8_on_a/", "author_flair_text": null, "quarantine": false, "title": "I wonder if I have ever pressed the number 8 on a microwave before.", "created_utc": 1478450294.0, "link_flair_text": null, "distinguished": null, "num_comments": 90, "visited": false, "num_reports": null, "ups": 659}}, {"kind": "t3", "data": {"contest_mode": false, "banned_by": null, "domain": "self.Showerthoughts", "subreddit": "Showerthoughts", "selftext_html": "&lt;!-- SC_OFF --&gt;&lt;div class=\"md\"&gt;&lt;ol&gt;\n&lt;li&gt;Jesus people, it&amp;#39;s just a thought that popped into my head one time, it&amp;#39;s not my life&amp;#39;s work. No reason to insult my intelligence over it.&lt;/li&gt;\n&lt;/ol&gt;\n\n&lt;p&gt;2.You&amp;#39;re all right, Bluetooth would be way better&lt;/p&gt;\n\n&lt;p&gt;3.And I&amp;#39;ve only been on Reddit a few weeks, so if you&amp;#39;ve seen this before, I&amp;#39;m sorry. I didn&amp;#39;t know. You can put your torches and pitchforks down now. &lt;/p&gt;\n&lt;/div&gt;&lt;!-- SC_ON --&gt;", "selftext": "1. Jesus people, it's just a thought that popped into my head one time, it's not my life's work. No reason to insult my intelligence over it.\n\n2.You're all right, Bluetooth would be way better\n\n3.And I've only been on Reddit a few weeks, so if you've seen this before, I'm sorry. I didn't know. You can put your torches and pitchforks down now. ", "likes": null, "suggested_sort": null, "user_reports": [], "secure_media": null, "saved": false, "id": "5be522", "gilded": 0, "secure_media_embed": {}, "clicked": false, "report_reasons": null, "author": "captMorgan209", "media": null, "name": "t3_5be522", "score": 6188, "approved_by": null, "over_18": false, "removal_reason": null, "hidden": false, "thumbnail": "self", "subreddit_id": "t5_2szyo", "edited": 1478445068.0, "link_flair_css_class": null, "author_flair_css_class": null, "downs": 0, "mod_reports": [], "archived": false, "media_embed": {}, "is_self": true, "hide_score": false, "spoiler": false, "permalink": "/r/Showerthoughts/comments/5be522/movie_theaters_should_have_a_headphone_jack/", "locked": false, "stickied": false, "created": 1478434811.0, "url": "https://www.reddit.com/r/Showerthoughts/comments/5be522/movie_theaters_should_have_a_headphone_jack/", "author_flair_text": null, "quarantine": false, "title": "Movie theaters should have a headphone jack option, so people can plug in and hear the movie without hearing idiots talk behind them.", "created_utc": 1478406011.0, "link_flair_text": null, "distinguished": null, "num_comments": 2838, "visited": false, "num_reports": null, "ups": 6188}}, {"kind": "t3", "data": {"contest_mode": false, "banned_by": null, "domain": "self.Showerthoughts", "subreddit": "Showerthoughts", "selftext_html": "&lt;!-- SC_OFF --&gt;&lt;div class=\"md\"&gt;&lt;p&gt;Oh man...  I don&amp;#39;t know what Utopian mall you go to but these people will interrupt your conversations while you are walking or above a piece of soap in your face or throw some stupid squish ball on the ground in front of you or....&lt;/p&gt;\n&lt;/div&gt;&lt;!-- SC_ON --&gt;", "selftext": "Oh man...  I don't know what Utopian mall you go to but these people will interrupt your conversations while you are walking or above a piece of soap in your face or throw some stupid squish ball on the ground in front of you or....", "likes": null, "suggested_sort": null, "user_reports": [], "secure_media": null, "saved": false, "id": "5bhpvo", "gilded": 0, "secure_media_embed": {}, "clicked": false, "report_reasons": null, "author": "Chopchopstixx", "media": null, "name": "t3_5bhpvo", "score": 309, "approved_by": null, "over_18": false, "removal_reason": null, "hidden": false, "thumbnail": "self", "subreddit_id": "t5_2szyo", "edited": 1478488468.0, "link_flair_css_class": null, "author_flair_css_class": null, "downs": 0, "mod_reports": [], "archived": false, "media_embed": {}, "is_self": true, "hide_score": false, "spoiler": false, "permalink": "/r/Showerthoughts/comments/5bhpvo/kiosks_in_the_mall_are_the_physical_manifestation/", "locked": false, "stickied": false, "created": 1478491497.0, "url": "https://www.reddit.com/r/Showerthoughts/comments/5bhpvo/kiosks_in_the_mall_are_the_physical_manifestation/", "author_flair_text": null, "quarantine": false, "title": "Kiosks in the mall are the physical manifestation of spam.", "created_utc": 1478462697.0, "link_flair_text": null, "distinguished": null, "num_comments": 11, "visited": false, "num_reports": null, "ups": 309}}, {"kind": "t3", "data": {"contest_mode": false, "banned_by": null, "domain": "self.Showerthoughts", "subreddit": "Showerthoughts", "selftext_html": null, "selftext": "", "likes": null, "suggested_sort": null, "user_reports": [], "secure_media": null, "saved": false, "id": "5bjisp", "gilded": 0, "secure_media_embed": {}, "clicked": false, "report_reasons": null, "author": "Microzon", "media": null, "name": "t3_5bjisp", "score": 91, "approved_by": null, "over_18": false, "removal_reason": null, "hidden": false, "thumbnail": "self", "subreddit_id": "t5_2szyo", "edited": false, "link_flair_css_class": null, "author_flair_css_class": null, "downs": 0, "mod_reports": [], "archived": false, "media_embed": {}, "is_self": true, "hide_score": false, "spoiler": false, "permalink": "/r/Showerthoughts/comments/5bjisp/if_im_ever_on_the_second_page_of_google_results/", "locked": false, "stickied": false, "created": 1478511928.0, "url": "https://www.reddit.com/r/Showerthoughts/comments/5bjisp/if_im_ever_on_the_second_page_of_google_results/", "author_flair_text": null, "quarantine": false, "title": "If I'm ever on the second page of Google results, something is horribly wrong.", "created_utc": 1478483128.0, "link_flair_text": null, "distinguished": null, "num_comments": 12, "visited": false, "num_reports": null, "ups": 91}}, {"kind": "t3", "data": {"contest_mode": false, "banned_by": null, "domain": "self.Showerthoughts", "subreddit": "Showerthoughts", "selftext_html": null, "selftext": "", "likes": null, "suggested_sort": null, "user_reports": [], "secure_media": null, "saved": false, "id": "5bhnvm", "gilded": 0, "secure_media_embed": {}, "clicked": false, "report_reasons": null, "author": "MadeIn48201", "media": null, "name": "t3_5bhnvm", "score": 267, "approved_by": null, "over_18": false, "removal_reason": null, "hidden": false, "thumbnail": "self", "subreddit_id": "t5_2szyo", "edited": false, "link_flair_css_class": null, "author_flair_css_class": null, "downs": 0, "mod_reports": [], "archived": false, "media_embed": {}, "is_self": true, "hide_score": false, "spoiler": false, "permalink": "/r/Showerthoughts/comments/5bhnvm/yay_my_car_clock_is_right_again/", "locked": false, "stickied": false, "created": 1478490936.0, "url": "https://www.reddit.com/r/Showerthoughts/comments/5bhnvm/yay_my_car_clock_is_right_again/", "author_flair_text": null, "quarantine": false, "title": "Yay, my car clock is right again!", "created_utc": 1478462136.0, "link_flair_text": null, "distinguished": null, "num_comments": 7, "visited": false, "num_reports": null, "ups": 267}}, {"kind": "t3", "data": {"contest_mode": false, "banned_by": null, "domain": "self.Showerthoughts", "subreddit": "Showerthoughts", "selftext_html": null, "selftext": "", "likes": null, "suggested_sort": null, "user_reports": [], "secure_media": null, "saved": false, "id": "5bhc7c", "gilded": 0, "secure_media_embed": {}, "clicked": false, "report_reasons": null, "author": "FuzzyMcTaco", "media": null, "name": "t3_5bhc7c", "score": 321, "approved_by": null, "over_18": false, "removal_reason": null, "hidden": false, "thumbnail": "self", "subreddit_id": "t5_2szyo", "edited": false, "link_flair_css_class": null, "author_flair_css_class": null, "downs": 0, "mod_reports": [], "archived": false, "media_embed": {}, "is_self": true, "hide_score": false, "spoiler": false, "permalink": "/r/Showerthoughts/comments/5bhc7c/i_get_more_happy_birthdays_from_my_email/", "locked": false, "stickied": false, "created": 1478487393.0, "url": "https://www.reddit.com/r/Showerthoughts/comments/5bhc7c/i_get_more_happy_birthdays_from_my_email/", "author_flair_text": null, "quarantine": false, "title": "I get more \"happy birthdays\" from my email subscriptions than i do from actual people.", "created_utc": 1478458593.0, "link_flair_text": null, "distinguished": null, "num_comments": 16, "visited": false, "num_reports": null, "ups": 321}}, {"kind": "t3", "data": {"contest_mode": false, "banned_by": null, "domain": "self.Showerthoughts", "subreddit": "Showerthoughts", "selftext_html": null, "selftext": "", "likes": null, "suggested_sort": null, "user_reports": [], "secure_media": null, "saved": false, "id": "5bjs8m", "gilded": 0, "secure_media_embed": {}, "clicked": false, "report_reasons": null, "author": "CAR5ON", "media": null, "name": "t3_5bjs8m", "score": 72, "approved_by": null, "over_18": false, "removal_reason": null, "hidden": false, "thumbnail": "self", "subreddit_id": "t5_2szyo", "edited": false, "link_flair_css_class": null, "author_flair_css_class": null, "downs": 0, "mod_reports": [], "archived": false, "media_embed": {}, "is_self": true, "hide_score": false, "spoiler": false, "permalink": "/r/Showerthoughts/comments/5bjs8m/it_will_be_weird_in_60_years_or_so_when_we_are/", "locked": false, "stickied": false, "created": 1478515200.0, "url": "https://www.reddit.com/r/Showerthoughts/comments/5bjs8m/it_will_be_weird_in_60_years_or_so_when_we_are/", "author_flair_text": null, "quarantine": false, "title": "It will be weird in 60 years or so when we are showing our grand kids old pictures that are actually high quality and in color", "created_utc": 1478486400.0, "link_flair_text": null, "distinguished": null, "num_comments": 15, "visited": false, "num_reports": null, "ups": 72}}, {"kind": "t3", "data": {"contest_mode": false, "banned_by": null, "domain": "self.Showerthoughts", "subreddit": "Showerthoughts", "selftext_html": null, "selftext": "", "likes": null, "suggested_sort": null, "user_reports": [], "secure_media": null, "saved": false, "id": "5bib8j", "gilded": 0, "secure_media_embed": {}, "clicked": false, "report_reasons": null, "author": "WalterJrsBreakfast", "media": null, "name": "t3_5bib8j", "score": 161, "approved_by": null, "over_18": false, "removal_reason": null, "hidden": false, "thumbnail": "self", "subreddit_id": "t5_2szyo", "edited": false, "link_flair_css_class": null, "author_flair_css_class": null, "downs": 0, "mod_reports": [], "archived": false, "media_embed": {}, "is_self": true, "hide_score": false, "spoiler": false, "permalink": "/r/Showerthoughts/comments/5bib8j/considering_how_incompetent_of_a_boss_he_was/", "locked": false, "stickied": false, "created": 1478497852.0, "url": "https://www.reddit.com/r/Showerthoughts/comments/5bib8j/considering_how_incompetent_of_a_boss_he_was/", "author_flair_text": null, "quarantine": false, "title": "Considering how incompetent of a boss he was, Michael Scott had a ridiculously low turnover rate.", "created_utc": 1478469052.0, "link_flair_text": null, "distinguished": null, "num_comments": 8, "visited": false, "num_reports": null, "ups": 161}}, {"kind": "t3", "data": {"contest_mode": false, "banned_by": null, "domain": "self.Showerthoughts", "subreddit": "Showerthoughts", "selftext_html": null, "selftext": "", "likes": null, "suggested_sort": null, "user_reports": [], "secure_media": null, "saved": false, "id": "5bh6e1", "gilded": 0, "secure_media_embed": {}, "clicked": false, "report_reasons": null, "author": "edd_125", "media": null, "name": "t3_5bh6e1", "score": 286, "approved_by": null, "over_18": false, "removal_reason": null, "hidden": false, "thumbnail": "self", "subreddit_id": "t5_2szyo", "edited": false, "link_flair_css_class": null, "author_flair_css_class": null, "downs": 0, "mod_reports": [], "archived": false, "media_embed": {}, "is_self": true, "hide_score": false, "spoiler": false, "permalink": "/r/Showerthoughts/comments/5bh6e1/i_cant_recite_the_qwerty_alphabet_but_i_can_touch/", "locked": false, "stickied": false, "created": 1478485585.0, "url": "https://www.reddit.com/r/Showerthoughts/comments/5bh6e1/i_cant_recite_the_qwerty_alphabet_but_i_can_touch/", "author_flair_text": null, "quarantine": false, "title": "I cant recite the QWERTY alphabet but i can touch type without looking.", "created_utc": 1478456785.0, "link_flair_text": null, "distinguished": null, "num_comments": 30, "visited": false, "num_reports": null, "ups": 286}}, {"kind": "t3", "data": {"contest_mode": false, "banned_by": null, "domain": "self.Showerthoughts", "subreddit": "Showerthoughts", "selftext_html": null, "selftext": "", "likes": null, "suggested_sort": null, "user_reports": [], "secure_media": null, "saved": false, "id": "5bhha8", "gilded": 0, "secure_media_embed": {}, "clicked": false, "report_reasons": null, "author": "neilson241", "media": null, "name": "t3_5bhha8", "score": 237, "approved_by": null, "over_18": false, "removal_reason": null, "hidden": false, "thumbnail": "self", "subreddit_id": "t5_2szyo", "edited": false, "link_flair_css_class": null, "author_flair_css_class": null, "downs": 0, "mod_reports": [], "archived": false, "media_embed": {}, "is_self": true, "hide_score": false, "spoiler": false, "permalink": "/r/Showerthoughts/comments/5bhha8/the_vast_majority_of_all_doritos_are_currently_in/", "locked": false, "stickied": false, "created": 1478488945.0, "url": "https://www.reddit.com/r/Showerthoughts/comments/5bhha8/the_vast_majority_of_all_doritos_are_currently_in/", "author_flair_text": null, "quarantine": false, "title": "The vast majority of all Doritos are currently in total darkness.", "created_utc": 1478460145.0, "link_flair_text": null, "distinguished": null, "num_comments": 12, "visited": false, "num_reports": null, "ups": 237}}, {"kind": "t3", "data": {"contest_mode": false, "banned_by": null, "domain": "self.Showerthoughts", "subreddit": "Showerthoughts", "selftext_html": null, "selftext": "", "likes": null, "suggested_sort": null, "user_reports": [], "secure_media": null, "saved": false, "id": "5bdpre", "gilded": 0, "secure_media_embed": {}, "clicked": false, "report_reasons": null, "author": "SurrealShock", "media": null, "name": "t3_5bdpre", "score": 4950, "approved_by": null, "over_18": false, "removal_reason": null, "hidden": false, "thumbnail": "self", "subreddit_id": "t5_2szyo", "edited": false, "link_flair_css_class": null, "author_flair_css_class": null, "downs": 0, "mod_reports": [], "archived": false, "media_embed": {}, "is_self": true, "hide_score": false, "spoiler": false, "permalink": "/r/Showerthoughts/comments/5bdpre/for_the_amount_of_times_star_wars_has_been_set_in/", "locked": false, "stickied": false, "created": 1478428512.0, "url": "https://www.reddit.com/r/Showerthoughts/comments/5bdpre/for_the_amount_of_times_star_wars_has_been_set_in/", "author_flair_text": null, "quarantine": false, "title": "For the amount of times Star Wars has been set in outer space, there has never been a no gravity scene.", "created_utc": 1478399712.0, "link_flair_text": null, "distinguished": null, "num_comments": 403, "visited": false, "num_reports": null, "ups": 4950}}, {"kind": "t3", "data": {"contest_mode": false, "banned_by": null, "domain": "self.Showerthoughts", "subreddit": "Showerthoughts", "selftext_html": null, "selftext": "", "likes": null, "suggested_sort": null, "user_reports": [], "secure_media": null, "saved": false, "id": "5bj9wz", "gilded": 0, "secure_media_embed": {}, "clicked": false, "report_reasons": null, "author": "teeter12", "media": null, "name": "t3_5bj9wz", "score": 79, "approved_by": null, "over_18": false, "removal_reason": null, "hidden": false, "thumbnail": "self", "subreddit_id": "t5_2szyo", "edited": false, "link_flair_css_class": null, "author_flair_css_class": null, "downs": 0, "mod_reports": [], "archived": false, "media_embed": {}, "is_self": true, "hide_score": false, "spoiler": false, "permalink": "/r/Showerthoughts/comments/5bj9wz/if_one_twin_is_born_on_daylight_sayings_day_at/", "locked": false, "stickied": false, "created": 1478509014.0, "url": "https://www.reddit.com/r/Showerthoughts/comments/5bj9wz/if_one_twin_is_born_on_daylight_sayings_day_at/", "author_flair_text": null, "quarantine": false, "title": "If one twin is born on daylight sayings day at 1:59 am and the second is born at \"1:00 am\" a minute later which one is technically older?", "created_utc": 1478480214.0, "link_flair_text": null, "distinguished": null, "num_comments": 11, "visited": false, "num_reports": null, "ups": 79}}, {"kind": "t3", "data": {"contest_mode": false, "banned_by": null, "domain": "self.Showerthoughts", "subreddit": "Showerthoughts", "selftext_html": null, "selftext": "", "likes": null, "suggested_sort": null, "user_reports": [], "secure_media": null, "saved": false, "id": "5bj3vg", "gilded": 0, "secure_media_embed": {}, "clicked": false, "report_reasons": null, "author": "khan_the_terrible", "media": null, "name": "t3_5bj3vg", "score": 87, "approved_by": null, "over_18": false, "removal_reason": null, "hidden": false, "thumbnail": "self", "subreddit_id": "t5_2szyo", "edited": false, "link_flair_css_class": null, "author_flair_css_class": null, "downs": 0, "mod_reports": [], "archived": false, "media_embed": {}, "is_self": true, "hide_score": false, "spoiler": false, "permalink": "/r/Showerthoughts/comments/5bj3vg/forget_hoverboards_the_future_really_started_when/", "locked": false, "stickied": false, "created": 1478507031.0, "url": "https://www.reddit.com/r/Showerthoughts/comments/5bj3vg/forget_hoverboards_the_future_really_started_when/", "author_flair_text": null, "quarantine": false, "title": "Forget hoverboards, the future really started when you could order a pizza from your handheld device and have it delivered to your door in a van that has an oven built into it.", "created_utc": 1478478231.0, "link_flair_text": null, "distinguished": null, "num_comments": 3, "visited": false, "num_reports": null, "ups": 87}}, {"kind": "t3", "data": {"contest_mode": false, "banned_by": null, "domain": "self.Showerthoughts", "subreddit": "Showerthoughts", "selftext_html": null, "selftext": "", "likes": null, "suggested_sort": null, "user_reports": [], "secure_media": null, "saved": false, "id": "5bj934", "gilded": 0, "secure_media_embed": {}, "clicked": false, "report_reasons": null, "author": "liquoriceBeard", "media": null, "name": "t3_5bj934", "score": 73, "approved_by": null, "over_18": false, "removal_reason": null, "hidden": false, "thumbnail": "self", "subreddit_id": "t5_2szyo", "edited": false, "link_flair_css_class": null, "author_flair_css_class": null, "downs": 0, "mod_reports": [], "archived": false, "media_embed": {}, "is_self": true, "hide_score": false, "spoiler": false, "permalink": "/r/Showerthoughts/comments/5bj934/in_school_we_learn_a_lesson_and_then_were_tested/", "locked": false, "stickied": false, "created": 1478508748.0, "url": "https://www.reddit.com/r/Showerthoughts/comments/5bj934/in_school_we_learn_a_lesson_and_then_were_tested/", "author_flair_text": null, "quarantine": false, "title": "In school, we learn a lesson and then we're tested. In life, it's the opposite.", "created_utc": 1478479948.0, "link_flair_text": null, "distinguished": null, "num_comments": 0, "visited": false, "num_reports": null, "ups": 73}}], "after": "t3_5bj934", "before": null}}